code	id	expected	note
D1	S2B_51SXT_20260703_0_L2A	exclude	polygon ring not closed
D2	S2C_51SYT_20260708_0_L2A	exclude	coordinates are [lat, lon]; latitude out of range
D3	S2B_51SXV_20260713_0_L2A	exclude	datetime null without start/end_datetime
D4	S2B_52SDC_20260717_0_L2A	exclude	eo:cloud_cover > 100
D5	S2C_52SDC_20260722_0_L2A	exclude	self-intersecting ring
D6	S2A_52SDD_20260727_1_L2A	exclude	geometry null; nothing to search on
D7	S1C_IW_GRDH_1SDV_20260703T212355_20260703T212417_008384_010976	exclude or flag	SAR item missing sar:polarizations; instrument_mode empty
N1	S2C_51SYV_20260705_0_L2A	load	exterior ring clockwise; keep, optionally re-orient
N2	S2B_51SXS_20260710_0_L2A	load	eo:cloud_cover is a string; coerce to number
N3	S2C_51SXA_20260715_0_L2A	decide	datetime has no offset; STAC requires RFC 3339. Exclude, or assume UTC and record the assumption
N4	S2B_52SDD_20260720_0_L2A	load	thumbnail asset missing; UI needs a placeholder
N5	S2C_52SCD_20260725_0_L2A	load	bbox shifted 0.5 deg from geometry; recompute bbox from geometry, never trust it for search
N6	S2B_52SCF_20260730_0_L2A	decide	EO item missing eo:cloud_cover; keep with null and exclude from max-cloud filters, or exclude
N7	S1D_IW_GRDH_1SDV_20260714T093033_20260714T093103_003668_0068CE	load	SAR item has eo:cloud_cover; ignore it, cloud filter must not apply to SAR
U1	S2B_52SBF_20260802_0_L2A	dedupe	id appears twice; keep the one with the later properties.updated
I1	S2C_51SXV_20260807_0_L2A	upsert	existing id with newer updated; ingest must update, not insert
I2	S2A_51SYA_20260905_0_L2A	exclude	open ring in ingest feed; IngestRun counts it as excluded with reason
I3	S2B_52SBE_20260911_1_L2A	dedupe	same Item on two different pages; second must be a no-op
